Player,Pos,Team
AJ McCarron,QB,FA
Aaron Rodgers,QB,NYJ
Aidan O'Connell,QB,LV
Alex Smith,QB,FA
Andy Dalton,QB,CAR
Anthony Brown Jr.,QB,LV
Anthony Richardson,QB,IND
Bailey Zappe,QB,NE
Baker Mayfield,QB,TB
Ben DiNucci,QB,DEN
Ben Roethlisberger,QB,FA
Blaine Gabbert,QB,KC
Brandon Allen,QB,SF
Brett Rypien,QB,CHI
Brian Hoyer,QB,FA
Brock Purdy,QB,SF
Bryce Perkins,QB,FA
Bryce Young,QB,CAR
C.J. Beathard,QB,JAC
C.J. Stroud,QB,HOU
Cam Newton,QB,FA
Carson Wentz,QB,KC
Case Keenum,QB,HOU
Chad Henne,QB,FA
Chase Daniel,QB,FA
Chris Oladokun,QB,KC
Chris Streveler,QB,FA
Clayton Tune,QB,ARI
Colt McCoy,QB,FA
Cooper Rush,QB,DAL
Dak Prescott,QB,DAL
Daniel Jones,QB,NYG
David Blough,QB,FA
Davis Cheek,QB,FA
Davis Mills,QB,HOU
Davis Webb,QB,FA
Derek Carr,QB,NO
Deshaun Watson,QB,CLE
Desmond Ridder,QB,ARI
Dorian Thompson-Robinson,QB,CLE
Drew Brees,QB,FA
Drew Lock,QB,NYG
Dwayne Haskins,QB,FA
Easton Stick,QB,LAC
Feleipe Franks,QB,ATL
Gardner Minshew II,QB,LV
Garrett Gilbert,QB,FA
Geno Smith,QB,SEA
Ian Book,QB,KC
Jacob Eason,QB,NYG
Jacoby Brissett,QB,NE
Jake Browning,QB,CIN
Jake Fromm,QB,WAS
Jake Luton,QB,FA
Jalen Hurts,QB,PHI
Jameis Winston,QB,CLE
Jared Goff,QB,DET
Jaren Hall,QB,MIN
Jarrett Stidham,QB,DEN
Jeff Driskel,QB,WAS
Jimmy Garoppolo,QB,LAR
Joe Burrow,QB,CIN
Joe Flacco,QB,IND
Joe Webb III,QB,FA
John Lovett,QB,FA
John Wolford,QB,TB
Jordan Love,QB,GB
Josh Allen,QB,BUF
Josh Johnson,QB,BAL
Josh Rosen,QB,FA
Joshua Dobbs,QB,SF
Justin Fields,QB,PIT
Justin Herbert,QB,LAC
Kellen Mond,QB,IND
Kenny Pickett,QB,PHI
Kirk Cousins,QB,ATL
Kurt Benkert,QB,FA
Kyle Allen,QB,PIT
Kyle Trask,QB,TB
Kyler Murray,QB,ARI
Lamar Jackson,QB,BAL
Logan Woodside,QB,ATL
Mac Jones,QB,JAC
Malik Cunningham,QB,BAL
Malik Willis,QB,TEN
Marcus Mariota,QB,WAS
Mason Rudolph,QB,TEN
Matt Barkley,QB,JAC
Matt Corral,QB,FA
Matt Ryan,QB,FA
Matt Schaub,QB,FA
Matthew Stafford,QB,LAR
Max Duggan,QB,LAC
Mike Glennon,QB,FA
Mike White,QB,MIA
Mitch Trubisky,QB,BUF
Nate Sudfeld,QB,DET
Nathan Peterman,QB,NO
Nick Foles,QB,FA
Nick Mullens,QB,MIN
P.J. Walker,QB,CLE
Patrick Mahomes II,QB,KC
Philip Rivers,QB,FA
Robert Griffin III,QB,FA
Russell Wilson,QB,PIT
Ryan Finley,QB,FA
Ryan Fitzpatrick,QB,FA
Ryan Tannehill,QB,TEN
Sam Darnold,QB,MIN
Sam Ehlinger,QB,IND
Sam Howell,QB,SEA
Sean Clifford,QB,GB
Sean Mannion,QB,FA
Skylar Thompson,QB,MIA
Taylor Heinicke,QB,ATL
Teddy Bridgewater,QB,FA
Tim Boyle,QB,HOU
Tom Brady,QB,FA
Tommy DeVito,QB,NYG
Tommy Stevens,QB,FA
Trace McSorley,QB,FA
Trevor Lawrence,QB,JAC
Trevor Siemian,QB,NYJ
Trey Lance,QB,DAL
Tua Tagovailoa,QB,MIA
Tyler Bray,QB,FA
Tyler Huntley,QB,CLE
Tyrod Taylor,QB,NYJ
Tyson Bagent,QB,CHI
Will Levis,QB,TEN
Zach Wilson,QB,NYJ
